first_name,last_name,address,country,city,state,post,phone1,phone2,email,web
Rebbecca,Didio,171 E 24th St,AU,Leith,TA,7315,03-8174-9123,0458-665-290,rebbecca.didio@didio.com.au,http://www.brandtjonathanfesq.com.au
Stevie,Hallo,22222 Acoma St,AU,Proston,QL,4613,07-9997-3366,0497-622-620,stevie.hallo@hotmail.com,http://www.landrumtemporaryservices.com.au
Mariko,Stayer,534 Schoenborn St #51,AU,Hamel,WA,6215,08-5558-9019,0427-885-282,mariko_stayer@hotmail.com,http://www.inabinetmacreesq.com.au
Gerardo,Woodka,69206 Jackson Ave,AU,Talmalmo,NS,2640,02-6044-4682,0443-795-912,gerardo_woodka@hotmail.com,http://www.morrisdowningsherred.com.au
Mayra,Bena,808 Glen Cove Ave,AU,Lane Cove,NS,1595,02-1455-6085,0453-666-885,mayra.bena@gmail.com,http://www.bueltdavidlesq.com.au
Idella,Scotland,373 Lafayette St,AU,Cartmeticup,WA,6316,08-7868-1355,0451-966-921,idella@hotmail.com,http://www.artesianicecoldstorageco.com.au
Sherill,Klar,87 Sylvan Ave,AU,Nyamup,WA,6258,08-6522-8931,0427-991-688,sklar@hotmail.com,http://www.midwayhotel.com.au
Ena,Desjardiws,60562 Ky Rt 321,AU,Bendick Murrell,NS,2803,02-5226-9402,0415-961-606,ena_desjardiws@desjardiws.com.au,http://www.selsorrobertjesq.com.au
Vince,Siena,70 S 18th Pl,AU,Purrawunda,QL,4356,07-3184-9989,0411-732-965,vince_siena@yahoo.com,http://www.vincentjpettico.com.au
Von,Aprigliano,63 Baronne St,CA,Port Moody,BC,V3H 1E8,604-986-3233,604-853-6594,von@aol.com,http://www.hellertomaesq.com
Natalya,Verso,74 Chestnut St,CA,Kitchener,ON,N2A 1S3,519-736-9305,519-935-3251,natalya_verso@yahoo.com,http://www.rosecooperenglish.com
Stanton,Rigazio,4 Smith St #5,CA,North York,ON,M3M 2A4,416-801-7398,416-974-8005,srigazio@rigazio.org,http://www.maxonsrestorationsinc.com
Dona,Larner,4298 E Drinker St,CA,York,ON,M6M 1V5,416-884-9104,416-488-1936,dona@hotmail.com,http://www.birminghamhistoricalsociety.com
Cortney,Choice,80 S 33rd Pl,CA,Greenfield Park,QC,J4V 3G8,450-339-6016,450-498-1871,cortney.choice@choice.com,http://www.schulmanrichardjesq.com
Ira,Betterton,935 S Padre Island Dr,CA,Halifax,NS,B3K 3E4,902-240-7029,902-579-3428,ira.betterton@yahoo.com,http://www.andersenconsulting.com
Vanna,Pickle,3 B Main #117,CA,Newmarket,ON,L3Y 3M4,905-309-4565,905-538-1331,vanna_pickle@aol.com,http://www.phippsbird.com
Bo,Sabota,779 Moore St,CA,Winnipeg,MB,R3R 2Z5,204-210-4967,204-591-6137,bo_sabota@sabota.com,http://www.landengineeringsurvcoinc.com
Nathalie,Corners,14 Van Buren St,CA,Peterborough,ON,K9H 4B6,705-736-4801,705-651-4065,nathalie_corners@corners.org,http://www.boldtcarlislesmithcpa.com
Rodney,Lockamy,7 N Us Highway 67 #96,CA,Ottawa,ON,K1S 2E4,613-273-5773,613-555-5392,rodney_lockamy@aol.com,http://www.schultzbarryjesq.com
Elena,Hairr,31 Mechanic St #9839,CA,Stephenville,NL,A2N 2N4,709-399-4807,709-427-8386,ehairr@hotmail.com,http://www.reedcrystalmd.com
